{
  "base_ndcg_at_10": 0.8361489177868592,
  "behavior_brier": 0.1374891152203346,
  "behavior_ece": 0.02558266520722047,
  "behavior_log_loss": 0.4279104929617823,
  "behavior_roc_auc": 0.7633863965267728,
  "behavior_uncalibrated_brier": 0.25039407068833763,
  "behavior_uncalibrated_ece": 0.31757437982087977,
  "behavior_uncalibrated_log_loss": 0.7067653836207732,
  "behavior_uncalibrated_roc_auc": 0.7633863965267728,
  "block_rate": 0.2826393789696542,
  "boost_rate": 0.001058574453069866,
  "cold_ndcg_at_10_base": 0.5305925136069458,
  "cold_ndcg_at_10_final": 0.533967391602924,
  "cold_ndcg_lift_ci_high": 0.007050466625184285,
  "cold_ndcg_lift_ci_low": 0.0,
  "cold_relevant_exposure_base": 0.41041666666666665,
  "cold_relevant_exposure_final": 0.4166666666666667,
  "complement_exposure_base": 0.04583333333333334,
  "complement_exposure_final": 0.04583333333333334,
  "fallback_rate": 0.0,
  "final_ndcg_at_10": 0.8347826211811925,
  "future_behavior_brier": 0.14712388292857606,
  "future_behavior_ece": 0.023219076985413863,
  "future_behavior_log_loss": 0.45241056202746494,
  "future_behavior_roc_auc": 0.743047915171809,
  "future_logged_base_ndcg_at_10": 0.9484525239007334,
  "future_logged_final_ndcg_at_10": 0.9484525239007334,
  "irrelevant_exposure_base": 0.08749999999999998,
  "irrelevant_exposure_delta_ci_high": 0.0,
  "irrelevant_exposure_delta_ci_low": 0.0,
  "irrelevant_exposure_final": 0.08749999999999998,
  "judgment_coverage_base": 1.0,
  "judgment_coverage_final": 1.0,
  "overall_ndcg_delta_ci_high": 0.0,
  "overall_ndcg_delta_ci_low": -0.004098889816999726,
  "relation_accuracy": 0.9929881337648327,
  "relation_eligibility_brier": 0.00025508234285849497,
  "relation_eligibility_ece": 0.0001361496539270191,
  "relation_log_loss": 0.04507051742123401,
  "relation_rows": 3708.0,
  "semantic_ndcg_at_10": 0.8267959330975941,
  "unjudged_exposure_base": 0.0,
  "unjudged_exposure_final": 0.0,
  "warm_ndcg_at_10_base": 0.5334025626368545,
  "warm_ndcg_at_10_final": 0.5283606774019817,
  "warm_ndcg_delta_ci_high": 0.0,
  "warm_ndcg_delta_ci_low": -0.01008377046974566
}
