{
  "base_ndcg_at_10": 0.8803030572832115,
  "behavior_brier": 0.14928485707233918,
  "behavior_ece": 0.021912691647059838,
  "behavior_log_loss": 0.4570853538140295,
  "behavior_roc_auc": 0.7468998906762454,
  "behavior_uncalibrated_brier": 0.23037814700032389,
  "behavior_uncalibrated_ece": 0.2720238195228033,
  "behavior_uncalibrated_log_loss": 0.6554596028280518,
  "behavior_uncalibrated_roc_auc": 0.7468998906762454,
  "block_rate": 0.2881533101045296,
  "boost_rate": 0.0020905923344947735,
  "cold_ndcg_at_10_base": 0.3937710235560215,
  "cold_ndcg_at_10_final": 0.40039818899341234,
  "cold_ndcg_lift_ci_high": 0.01325433087478161,
  "cold_ndcg_lift_ci_low": 0.001325433087478161,
  "cold_relevant_exposure_base": 0.3145833333333333,
  "cold_relevant_exposure_final": 0.325,
  "complement_exposure_base": 0.01875,
  "complement_exposure_final": 0.01875,
  "fallback_rate": 0.0,
  "final_ndcg_at_10": 0.8813277797374613,
  "future_behavior_brier": 0.1394780827565387,
  "future_behavior_ece": 0.027198410026952703,
  "future_behavior_log_loss": 0.4339801928851753,
  "future_behavior_roc_auc": 0.7722395662175485,
  "future_logged_base_ndcg_at_10": 0.9399572724520499,
  "future_logged_final_ndcg_at_10": 0.9399572724520499,
  "irrelevant_exposure_base": 0.056249999999999994,
  "irrelevant_exposure_delta_ci_high": 0.0,
  "irrelevant_exposure_delta_ci_low": -0.006249999999999999,
  "irrelevant_exposure_final": 0.05416666666666667,
  "judgment_coverage_base": 1.0,
  "judgment_coverage_final": 1.0,
  "overall_ndcg_delta_ci_high": 0.003074167362749798,
  "overall_ndcg_delta_ci_low": 0.0,
  "relation_accuracy": 0.9859762675296656,
  "relation_eligibility_brier": 7.510651904640658e-08,
  "relation_eligibility_ece": 0.0001262209672859179,
  "relation_log_loss": 0.03656234964889997,
  "relation_rows": 3708.0,
  "semantic_ndcg_at_10": 0.8490454858438471,
  "unjudged_exposure_base": 0.0,
  "unjudged_exposure_final": 0.0,
  "warm_ndcg_at_10_base": 0.6824503616471441,
  "warm_ndcg_at_10_final": 0.6783514718301443,
  "warm_ndcg_delta_ci_high": -0.0010247224542499326,
  "warm_ndcg_delta_ci_low": -0.008197779633999461
}
