{
  "base_ndcg_at_10": 0.8448637230923072,
  "behavior_brier": 0.14476402650864012,
  "behavior_ece": 0.030061186903002364,
  "behavior_log_loss": 0.4445620221225188,
  "behavior_roc_auc": 0.7478328123489413,
  "behavior_uncalibrated_brier": 0.2269707654963439,
  "behavior_uncalibrated_ece": 0.26902477637745326,
  "behavior_uncalibrated_log_loss": 0.6442967497559445,
  "behavior_uncalibrated_roc_auc": 0.7478328123489413,
  "block_rate": 0.2851737186102511,
  "boost_rate": 0.002407980736154111,
  "cold_ndcg_at_10_base": 0.3504926663507087,
  "cold_ndcg_at_10_final": 0.3518180994381869,
  "cold_ndcg_lift_ci_high": 0.003976299262434481,
  "cold_ndcg_lift_ci_low": 0.0,
  "cold_relevant_exposure_base": 0.3229166666666667,
  "cold_relevant_exposure_final": 0.32499999999999996,
  "complement_exposure_base": 0.03541666666666667,
  "complement_exposure_final": 0.03541666666666667,
  "fallback_rate": 0.0,
  "final_ndcg_at_10": 0.8448637230923072,
  "future_behavior_brier": 0.14317003766953587,
  "future_behavior_ece": 0.03247875909553128,
  "future_behavior_log_loss": 0.4400283030273473,
  "future_behavior_roc_auc": 0.7573597682013191,
  "future_logged_base_ndcg_at_10": 0.9349072846327591,
  "future_logged_final_ndcg_at_10": 0.9349072846327591,
  "irrelevant_exposure_base": 0.07708333333333332,
  "irrelevant_exposure_delta_ci_high": 0.0,
  "irrelevant_exposure_delta_ci_low": 0.0,
  "irrelevant_exposure_final": 0.07708333333333332,
  "judgment_coverage_base": 1.0,
  "judgment_coverage_final": 1.0,
  "overall_ndcg_delta_ci_high": 0.0,
  "overall_ndcg_delta_ci_low": 0.0,
  "relation_accuracy": 0.9828431372549019,
  "relation_eligibility_brier": 2.8194712585466712e-06,
  "relation_eligibility_ece": 0.0002648116992746413,
  "relation_log_loss": 0.04513094564419962,
  "relation_rows": 3672.0,
  "semantic_ndcg_at_10": 0.7944804452943434,
  "unjudged_exposure_base": 0.0,
  "unjudged_exposure_final": 0.0,
  "warm_ndcg_at_10_base": 0.6699501725624133,
  "warm_ndcg_at_10_final": 0.6689254501081633,
  "warm_ndcg_delta_ci_high": 0.0,
  "warm_ndcg_delta_ci_low": -0.003074167362749798
}
