{
  "base_ndcg_at_10": 0.8639265545174002,
  "behavior_brier": 0.15214020597411218,
  "behavior_ece": 0.032482106900699644,
  "behavior_log_loss": 0.46407053796845904,
  "behavior_roc_auc": 0.7307601165885986,
  "behavior_uncalibrated_brier": 0.22702440358583015,
  "behavior_uncalibrated_ece": 0.26148006711752775,
  "behavior_uncalibrated_log_loss": 0.6470119211027755,
  "behavior_uncalibrated_roc_auc": 0.7307601165885986,
  "block_rate": 0.25963559915907497,
  "boost_rate": 0.002102312543798178,
  "cold_ndcg_at_10_base": 0.4072068449406361,
  "cold_ndcg_at_10_final": 0.4121382104575635,
  "cold_ndcg_lift_ci_high": 0.010407163392203685,
  "cold_ndcg_lift_ci_low": 0.0,
  "cold_relevant_exposure_base": 0.36250000000000004,
  "cold_relevant_exposure_final": 0.3687500000000001,
  "complement_exposure_base": 0.02916666666666667,
  "complement_exposure_final": 0.02916666666666667,
  "fallback_rate": 0.0,
  "final_ndcg_at_10": 0.8639265545174002,
  "future_behavior_brier": 0.14732564053109493,
  "future_behavior_ece": 0.04112760317959377,
  "future_behavior_log_loss": 0.44886334450105614,
  "future_behavior_roc_auc": 0.7623093681917211,
  "future_logged_base_ndcg_at_10": 0.9420125907510041,
  "future_logged_final_ndcg_at_10": 0.9420125907510041,
  "irrelevant_exposure_base": 0.0625,
  "irrelevant_exposure_delta_ci_high": 0.0,
  "irrelevant_exposure_delta_ci_low": 0.0,
  "irrelevant_exposure_final": 0.0625,
  "judgment_coverage_base": 1.0,
  "judgment_coverage_final": 1.0,
  "overall_ndcg_delta_ci_high": 0.0,
  "overall_ndcg_delta_ci_low": 0.0,
  "relation_accuracy": 0.9805194805194806,
  "relation_eligibility_brier": 9.409535113318419e-08,
  "relation_eligibility_ece": 0.00011290899120660933,
  "relation_log_loss": 0.04508640170743481,
  "relation_rows": 3696.0,
  "semantic_ndcg_at_10": 0.8161634555732609,
  "unjudged_exposure_base": 0.0,
  "unjudged_exposure_final": 0.0,
  "warm_ndcg_at_10_base": 0.63366300085701,
  "warm_ndcg_at_10_final": 0.6299834458897124,
  "warm_ndcg_delta_ci_high": 0.0,
  "warm_ndcg_delta_ci_low": -0.008318617138440378
}
