{
  "base_ndcg_at_10": 0.8888475611923169,
  "behavior_brier": 0.13784803395188056,
  "behavior_ece": 0.031567560089499146,
  "behavior_log_loss": 0.42391493223958077,
  "behavior_roc_auc": 0.7768836318312239,
  "behavior_uncalibrated_brier": 0.2484089959136542,
  "behavior_uncalibrated_ece": 0.3291211789792807,
  "behavior_uncalibrated_log_loss": 0.7040024878583702,
  "behavior_uncalibrated_roc_auc": 0.7768836318312239,
  "block_rate": 0.297574308165357,
  "boost_rate": 0.0020498804236419544,
  "cold_ndcg_at_10_base": 0.44902185307097314,
  "cold_ndcg_at_10_final": 0.45208588170667385,
  "cold_ndcg_lift_ci_high": 0.007456477321060874,
  "cold_ndcg_lift_ci_low": 0.0,
  "cold_relevant_exposure_base": 0.3833333333333333,
  "cold_relevant_exposure_final": 0.3875,
  "complement_exposure_base": 0.05416666666666667,
  "complement_exposure_final": 0.05416666666666667,
  "fallback_rate": 0.0,
  "final_ndcg_at_10": 0.8888475611923169,
  "future_behavior_brier": 0.13541513401830615,
  "future_behavior_ece": 0.03363656431892666,
  "future_behavior_log_loss": 0.42165486221411425,
  "future_behavior_roc_auc": 0.779097407630695,
  "future_logged_base_ndcg_at_10": 0.9361810769560249,
  "future_logged_final_ndcg_at_10": 0.9361810769560249,
  "irrelevant_exposure_base": 0.08750000000000001,
  "irrelevant_exposure_delta_ci_high": 0.0,
  "irrelevant_exposure_delta_ci_low": 0.0,
  "irrelevant_exposure_final": 0.08750000000000001,
  "judgment_coverage_base": 1.0,
  "judgment_coverage_final": 1.0,
  "overall_ndcg_delta_ci_high": 0.0,
  "overall_ndcg_delta_ci_low": 0.0,
  "relation_accuracy": 0.9886489479512736,
  "relation_eligibility_brier": 1.3561006770880127e-06,
  "relation_eligibility_ece": 0.0002859195200451034,
  "relation_log_loss": 0.02600872467173734,
  "relation_rows": 3612.0,
  "semantic_ndcg_at_10": 0.786371843577716,
  "unjudged_exposure_base": 0.0,
  "unjudged_exposure_final": 0.0,
  "warm_ndcg_at_10_base": 0.6193257816668863,
  "warm_ndcg_at_10_final": 0.61706635913146,
  "warm_ndcg_delta_ci_high": 0.0,
  "warm_ndcg_delta_ci_low": -0.005430577737463026
}
