{
  "base_ndcg_at_10": 0.8248304752847376,
  "behavior_brier": 0.1332724366398079,
  "behavior_ece": 0.010102680559262382,
  "behavior_log_loss": 0.4204444448627445,
  "behavior_roc_auc": 0.754246211205855,
  "behavior_uncalibrated_brier": 0.22814589094802198,
  "behavior_uncalibrated_ece": 0.2783936172096296,
  "behavior_uncalibrated_log_loss": 0.6490308297029821,
  "behavior_uncalibrated_roc_auc": 0.754246211205855,
  "block_rate": 0.28277986990756593,
  "boost_rate": 0.0006846970215679561,
  "cold_ndcg_at_10_base": 0.4864390217560735,
  "cold_ndcg_at_10_final": 0.48856198222236236,
  "cold_ndcg_lift_ci_high": 0.005270643386827512,
  "cold_ndcg_lift_ci_low": 0.0,
  "cold_relevant_exposure_base": 0.32708333333333334,
  "cold_relevant_exposure_final": 0.33125,
  "complement_exposure_base": 0.05833333333333333,
  "complement_exposure_final": 0.05833333333333333,
  "fallback_rate": 0.0,
  "final_ndcg_at_10": 0.8248304752847376,
  "future_behavior_brier": 0.13527494926324404,
  "future_behavior_ece": 0.039663916036604054,
  "future_behavior_log_loss": 0.4134178495915896,
  "future_behavior_roc_auc": 0.8021942800788953,
  "future_logged_base_ndcg_at_10": 0.946379145691077,
  "future_logged_final_ndcg_at_10": 0.946379145691077,
  "irrelevant_exposure_base": 0.13333333333333333,
  "irrelevant_exposure_delta_ci_high": 0.0,
  "irrelevant_exposure_delta_ci_low": 0.0,
  "irrelevant_exposure_final": 0.13333333333333333,
  "judgment_coverage_base": 1.0,
  "judgment_coverage_final": 1.0,
  "overall_ndcg_delta_ci_high": 0.0,
  "overall_ndcg_delta_ci_low": 0.0,
  "relation_accuracy": 0.9930089485458613,
  "relation_eligibility_brier": 0.002204073842991127,
  "relation_eligibility_ece": 0.0019753891270782786,
  "relation_log_loss": 0.03285507394833764,
  "relation_rows": 3576.0,
  "semantic_ndcg_at_10": 0.7901208399131369,
  "unjudged_exposure_base": 0.0,
  "unjudged_exposure_final": 0.0,
  "warm_ndcg_at_10_base": 0.5605702134420713,
  "warm_ndcg_at_10_final": 0.5575143469032859,
  "warm_ndcg_delta_ci_high": 0.0,
  "warm_ndcg_delta_ci_low": -0.007321193884089231
}
