{
  "base_ndcg_at_10": 0.8977837688016214,
  "behavior_brier": 0.13981721196319957,
  "behavior_ece": 0.02312469905191744,
  "behavior_log_loss": 0.43479259671405274,
  "behavior_roc_auc": 0.7577629492600424,
  "behavior_uncalibrated_brier": 0.19688918144407297,
  "behavior_uncalibrated_ece": 0.2190417562820551,
  "behavior_uncalibrated_log_loss": 0.5734768829181843,
  "behavior_uncalibrated_roc_auc": 0.7577629492600424,
  "block_rate": 0.2845698362939742,
  "boost_rate": 0.00034831069313827936,
  "cold_ndcg_at_10_base": 0.4473641980304266,
  "cold_ndcg_at_10_final": 0.4473641980304266,
  "cold_ndcg_lift_ci_high": 0.0,
  "cold_ndcg_lift_ci_low": 0.0,
  "cold_relevant_exposure_base": 0.39375,
  "cold_relevant_exposure_final": 0.39375,
  "complement_exposure_base": 0.06666666666666667,
  "complement_exposure_final": 0.06666666666666667,
  "fallback_rate": 0.0,
  "final_ndcg_at_10": 0.8977837688016214,
  "future_behavior_brier": 0.14603678501486042,
  "future_behavior_ece": 0.046181210029043185,
  "future_behavior_log_loss": 0.4474839388717113,
  "future_behavior_roc_auc": 0.7565359872791404,
  "future_logged_base_ndcg_at_10": 0.9420595749836499,
  "future_logged_final_ndcg_at_10": 0.9420595749836499,
  "irrelevant_exposure_base": 0.04791666666666666,
  "irrelevant_exposure_delta_ci_high": 0.0,
  "irrelevant_exposure_delta_ci_low": 0.0,
  "irrelevant_exposure_final": 0.04791666666666666,
  "judgment_coverage_base": 1.0,
  "judgment_coverage_final": 1.0,
  "overall_ndcg_delta_ci_high": 0.0,
  "overall_ndcg_delta_ci_low": 0.0,
  "relation_accuracy": 0.9762675296655879,
  "relation_eligibility_brier": 1.1795710622974189e-07,
  "relation_eligibility_ece": 0.00015831315928554028,
  "relation_log_loss": 0.050009508957638844,
  "relation_rows": 3708.0,
  "semantic_ndcg_at_10": 0.8284304469864004,
  "unjudged_exposure_base": 0.0,
  "unjudged_exposure_final": 0.0,
  "warm_ndcg_at_10_base": 0.6453595623464522,
  "warm_ndcg_at_10_final": 0.6453595623464522,
  "warm_ndcg_delta_ci_high": 0.0,
  "warm_ndcg_delta_ci_low": 0.0
}
