{
  "base_ndcg_at_10": 0.8637685740746064,
  "behavior_brier": 0.14145271075603782,
  "behavior_ece": 0.04380676611983274,
  "behavior_log_loss": 0.43150369414482437,
  "behavior_roc_auc": 0.7766110735182901,
  "behavior_uncalibrated_brier": 0.205725697103523,
  "behavior_uncalibrated_ece": 0.24451277118033868,
  "behavior_uncalibrated_log_loss": 0.5921942336063194,
  "behavior_uncalibrated_roc_auc": 0.7766110735182901,
  "block_rate": 0.2963617096432356,
  "boost_rate": 0.002472624514305899,
  "cold_ndcg_at_10_base": 0.4608647939331079,
  "cold_ndcg_at_10_final": 0.4684618924538187,
  "cold_ndcg_lift_ci_high": 0.01418076700579985,
  "cold_ndcg_lift_ci_low": 0.002447434790139702,
  "cold_relevant_exposure_base": 0.37083333333333335,
  "cold_relevant_exposure_final": 0.3833333333333333,
  "complement_exposure_base": 0.06458333333333333,
  "complement_exposure_final": 0.06458333333333333,
  "fallback_rate": 0.0,
  "final_ndcg_at_10": 0.8650905066930713,
  "future_behavior_brier": 0.14070464520606987,
  "future_behavior_ece": 0.012766724107492347,
  "future_behavior_log_loss": 0.4341923110556836,
  "future_behavior_roc_auc": 0.7422988389018651,
  "future_logged_base_ndcg_at_10": 0.9227056177841956,
  "future_logged_final_ndcg_at_10": 0.9227056177841956,
  "irrelevant_exposure_base": 0.08750000000000001,
  "irrelevant_exposure_delta_ci_high": 0.0,
  "irrelevant_exposure_delta_ci_low": -0.006249999999999999,
  "irrelevant_exposure_final": 0.08541666666666665,
  "judgment_coverage_base": 1.0,
  "judgment_coverage_final": 1.0,
  "overall_ndcg_delta_ci_high": 0.003965797855394887,
  "overall_ndcg_delta_ci_low": 0.0,
  "relation_accuracy": 0.9807900432900433,
  "relation_eligibility_brier": 6.438725637029113e-07,
  "relation_eligibility_ece": 0.000131429535114002,
  "relation_log_loss": 0.03790847394031117,
  "relation_rows": 3696.0,
  "semantic_ndcg_at_10": 0.792292976390837,
  "unjudged_exposure_base": 0.0,
  "unjudged_exposure_final": 0.0,
  "warm_ndcg_at_10_base": 0.5914097262635147,
  "warm_ndcg_at_10_final": 0.5854477182150621,
  "warm_ndcg_delta_ci_high": -0.0021342769363465277,
  "warm_ndcg_delta_ci_low": -0.011297700389318988
}
