{
  "base_ndcg_at_10": 0.8761374332886233,
  "behavior_brier": 0.13948402982115016,
  "behavior_ece": 0.036752583446241056,
  "behavior_log_loss": 0.4281172065054181,
  "behavior_roc_auc": 0.7801248565674072,
  "behavior_uncalibrated_brier": 0.19219644345347128,
  "behavior_uncalibrated_ece": 0.22335464808960187,
  "behavior_uncalibrated_log_loss": 0.5659717298051701,
  "behavior_uncalibrated_roc_auc": 0.7801248565674072,
  "block_rate": 0.30713547052740436,
  "boost_rate": 0.0013788348845225785,
  "cold_ndcg_at_10_base": 0.4185029857907037,
  "cold_ndcg_at_10_final": 0.4195277082449536,
  "cold_ndcg_lift_ci_high": 0.003074167362749798,
  "cold_ndcg_lift_ci_low": 0.0,
  "cold_relevant_exposure_base": 0.3125,
  "cold_relevant_exposure_final": 0.3145833333333334,
  "complement_exposure_base": 0.05625,
  "complement_exposure_final": 0.05625,
  "fallback_rate": 0.0,
  "final_ndcg_at_10": 0.8761374332886233,
  "future_behavior_brier": 0.14051117542803315,
  "future_behavior_ece": 0.03074254398748574,
  "future_behavior_log_loss": 0.4386997327617582,
  "future_behavior_roc_auc": 0.7587856103139947,
  "future_logged_base_ndcg_at_10": 0.9392442296310778,
  "future_logged_final_ndcg_at_10": 0.9392442296310778,
  "irrelevant_exposure_base": 0.05625,
  "irrelevant_exposure_delta_ci_high": 0.0,
  "irrelevant_exposure_delta_ci_low": 0.0,
  "irrelevant_exposure_final": 0.05625,
  "judgment_coverage_base": 1.0,
  "judgment_coverage_final": 1.0,
  "overall_ndcg_delta_ci_high": 0.0,
  "overall_ndcg_delta_ci_low": 0.0,
  "relation_accuracy": 0.9773462783171522,
  "relation_eligibility_brier": 0.0031144614458515434,
  "relation_eligibility_ece": 0.002778142046567093,
  "relation_log_loss": 0.047584271007102864,
  "relation_rows": 3708.0,
  "semantic_ndcg_at_10": 0.8335134236572648,
  "unjudged_exposure_base": 0.0,
  "unjudged_exposure_final": 0.0,
  "warm_ndcg_at_10_base": 0.6804432327466253,
  "warm_ndcg_at_10_final": 0.6791177996591471,
  "warm_ndcg_delta_ci_high": 0.0,
  "warm_ndcg_delta_ci_low": -0.003976299262434483
}
