{
  "base_ndcg_at_10": 0.8842460338694226,
  "behavior_brier": 0.14497674289181542,
  "behavior_ece": 0.04011860059187097,
  "behavior_log_loss": 0.4469408944619199,
  "behavior_roc_auc": 0.7720850384424603,
  "behavior_uncalibrated_brier": 0.22300104325607403,
  "behavior_uncalibrated_ece": 0.2648434222036336,
  "behavior_uncalibrated_log_loss": 0.6370638491913423,
  "behavior_uncalibrated_roc_auc": 0.7720850384424603,
  "block_rate": 0.2551411641686999,
  "boost_rate": 0.0006971070059254096,
  "cold_ndcg_at_10_base": 0.472787604168057,
  "cold_ndcg_at_10_final": 0.4759150979938795,
  "cold_ndcg_lift_ci_high": 0.008426434819410713,
  "cold_ndcg_lift_ci_low": 0.0,
  "cold_relevant_exposure_base": 0.4166666666666667,
  "cold_relevant_exposure_final": 0.4208333333333334,
  "complement_exposure_base": 0.04791666666666666,
  "complement_exposure_final": 0.04791666666666666,
  "fallback_rate": 0.0,
  "final_ndcg_at_10": 0.8852707563236727,
  "future_behavior_brier": 0.1365564464564378,
  "future_behavior_ece": 0.029908359030996128,
  "future_behavior_log_loss": 0.42421977652260867,
  "future_behavior_roc_auc": 0.774229649450531,
  "future_logged_base_ndcg_at_10": 0.9373839319239884,
  "future_logged_final_ndcg_at_10": 0.9373839319239884,
  "irrelevant_exposure_base": 0.04583333333333334,
  "irrelevant_exposure_delta_ci_high": 0.0,
  "irrelevant_exposure_delta_ci_low": -0.006249999999999999,
  "irrelevant_exposure_final": 0.043750000000000004,
  "judgment_coverage_base": 1.0,
  "judgment_coverage_final": 1.0,
  "overall_ndcg_delta_ci_high": 0.003074167362749798,
  "overall_ndcg_delta_ci_low": 0.0,
  "relation_accuracy": 0.9769736842105263,
  "relation_eligibility_brier": 0.0021446009551995817,
  "relation_eligibility_ece": 0.0015069357463362181,
  "relation_log_loss": 0.04837845344072981,
  "relation_rows": 3648.0,
  "semantic_ndcg_at_10": 0.8465971410742181,
  "unjudged_exposure_base": 0.0,
  "unjudged_exposure_final": 0.0,
  "warm_ndcg_at_10_base": 0.5989499753610089,
  "warm_ndcg_at_10_final": 0.5978062783287089,
  "warm_ndcg_delta_ci_high": 0.0,
  "warm_ndcg_delta_ci_low": -0.003431091096899923
}
