{
  "base_ndcg_at_10": 0.8937459631225555,
  "behavior_brier": 0.14350945939590481,
  "behavior_ece": 0.05587641740989943,
  "behavior_log_loss": 0.4404237239292851,
  "behavior_roc_auc": 0.7870284651828571,
  "behavior_uncalibrated_brier": 0.2019663449281875,
  "behavior_uncalibrated_ece": 0.2341156604996898,
  "behavior_uncalibrated_log_loss": 0.5895619975026739,
  "behavior_uncalibrated_roc_auc": 0.7870284651828571,
  "block_rate": 0.3313752591568763,
  "boost_rate": 0.0003455425017277125,
  "cold_ndcg_at_10_base": 0.3670515559289409,
  "cold_ndcg_at_10_final": 0.3683769890164191,
  "cold_ndcg_lift_ci_high": 0.003976299262434482,
  "cold_ndcg_lift_ci_low": 0.0,
  "cold_relevant_exposure_base": 0.2625,
  "cold_relevant_exposure_final": 0.26458333333333334,
  "complement_exposure_base": 0.05625,
  "complement_exposure_final": 0.05625,
  "fallback_rate": 0.0,
  "final_ndcg_at_10": 0.8937459631225555,
  "future_behavior_brier": 0.1281483478211312,
  "future_behavior_ece": 0.022051625890009214,
  "future_behavior_log_loss": 0.4019784730183271,
  "future_behavior_roc_auc": 0.7788223673672783,
  "future_logged_base_ndcg_at_10": 0.9352310520474617,
  "future_logged_final_ndcg_at_10": 0.9352310520474617,
  "irrelevant_exposure_base": 0.08541666666666665,
  "irrelevant_exposure_delta_ci_high": 0.0,
  "irrelevant_exposure_delta_ci_low": 0.0,
  "irrelevant_exposure_final": 0.08541666666666665,
  "judgment_coverage_base": 1.0,
  "judgment_coverage_final": 1.0,
  "overall_ndcg_delta_ci_high": 0.0,
  "overall_ndcg_delta_ci_low": 0.0,
  "relation_accuracy": 0.987785016286645,
  "relation_eligibility_brier": 4.72051809108712e-06,
  "relation_eligibility_ece": 0.0003896481429840668,
  "relation_log_loss": 0.03313670678647647,
  "relation_rows": 3684.0,
  "semantic_ndcg_at_10": 0.8804017258132162,
  "unjudged_exposure_base": 0.0,
  "unjudged_exposure_final": 0.0,
  "warm_ndcg_at_10_base": 0.7491087198851311,
  "warm_ndcg_at_10_final": 0.7480839974308809,
  "warm_ndcg_delta_ci_high": 0.0,
  "warm_ndcg_delta_ci_low": -0.003074167362749791
}
