{
  "base_ndcg_at_10": 0.8941668678657031,
  "behavior_brier": 0.14108914754864962,
  "behavior_ece": 0.02060890901861586,
  "behavior_log_loss": 0.43452254393256873,
  "behavior_roc_auc": 0.7567801929175475,
  "behavior_uncalibrated_brier": 0.21528081037023483,
  "behavior_uncalibrated_ece": 0.2575917607077339,
  "behavior_uncalibrated_log_loss": 0.6165955801643579,
  "behavior_uncalibrated_roc_auc": 0.7567801929175475,
  "block_rate": 0.276536312849162,
  "boost_rate": 0.0006983240223463687,
  "cold_ndcg_at_10_base": 0.4453975931332405,
  "cold_ndcg_at_10_final": 0.447414470367995,
  "cold_ndcg_lift_ci_high": 0.005902687730482844,
  "cold_ndcg_lift_ci_low": 0.0,
  "cold_relevant_exposure_base": 0.39375000000000004,
  "cold_relevant_exposure_final": 0.3958333333333333,
  "complement_exposure_base": 0.029166666666666664,
  "complement_exposure_final": 0.029166666666666664,
  "fallback_rate": 0.0,
  "final_ndcg_at_10": 0.8941668678657031,
  "future_behavior_brier": 0.13171636401253609,
  "future_behavior_ece": 0.04092628761681625,
  "future_behavior_log_loss": 0.41150430607309185,
  "future_behavior_roc_auc": 0.788345482285133,
  "future_logged_base_ndcg_at_10": 0.9458876738220404,
  "future_logged_final_ndcg_at_10": 0.9458876738220404,
  "irrelevant_exposure_base": 0.029166666666666664,
  "irrelevant_exposure_delta_ci_high": 0.0,
  "irrelevant_exposure_delta_ci_low": 0.0,
  "irrelevant_exposure_final": 0.029166666666666664,
  "judgment_coverage_base": 1.0,
  "judgment_coverage_final": 1.0,
  "overall_ndcg_delta_ci_high": 0.0,
  "overall_ndcg_delta_ci_low": 0.0,
  "relation_accuracy": 0.9746494066882416,
  "relation_eligibility_brier": 2.3180916656027444e-07,
  "relation_eligibility_ece": 0.00013819070705878807,
  "relation_log_loss": 0.04429981010546067,
  "relation_rows": 3708.0,
  "semantic_ndcg_at_10": 0.8552185816220007,
  "unjudged_exposure_base": 0.0,
  "unjudged_exposure_final": 0.0,
  "warm_ndcg_at_10_base": 0.6568374763657916,
  "warm_ndcg_at_10_final": 0.6555865471318695,
  "warm_ndcg_delta_ci_high": 0.0,
  "warm_ndcg_delta_ci_low": -0.0035350070748503292
}
