{
  "base_ndcg_at_10": 0.8731751607732917,
  "behavior_brier": 0.1448359504988217,
  "behavior_ece": 0.041014846832340704,
  "behavior_log_loss": 0.44103621274099,
  "behavior_roc_auc": 0.7656300602690383,
  "behavior_uncalibrated_brier": 0.2707185615782372,
  "behavior_uncalibrated_ece": 0.3483189626895354,
  "behavior_uncalibrated_log_loss": 0.7633467207048324,
  "behavior_uncalibrated_roc_auc": 0.7656300602690383,
  "block_rate": 0.2700378396972824,
  "boost_rate": 0.0027519779841761265,
  "cold_ndcg_at_10_base": 0.4146411900892708,
  "cold_ndcg_at_10_final": 0.4171808565570652,
  "cold_ndcg_lift_ci_high": 0.006104055389838911,
  "cold_ndcg_lift_ci_low": 0.0,
  "cold_relevant_exposure_base": 0.38125000000000003,
  "cold_relevant_exposure_final": 0.38333333333333336,
  "complement_exposure_base": 0.07291666666666667,
  "complement_exposure_final": 0.07291666666666667,
  "fallback_rate": 0.0,
  "final_ndcg_at_10": 0.8745980120641894,
  "future_behavior_brier": 0.13714825613616652,
  "future_behavior_ece": 0.056470481990105285,
  "future_behavior_log_loss": 0.4250715030037593,
  "future_behavior_roc_auc": 0.7647022852750018,
  "future_logged_base_ndcg_at_10": 0.9432644388224659,
  "future_logged_final_ndcg_at_10": 0.9432644388224659,
  "irrelevant_exposure_base": 0.035416666666666666,
  "irrelevant_exposure_delta_ci_high": 0.0,
  "irrelevant_exposure_delta_ci_low": 0.0,
  "irrelevant_exposure_final": 0.035416666666666666,
  "judgment_coverage_base": 1.0,
  "judgment_coverage_final": 1.0,
  "overall_ndcg_delta_ci_high": 0.004268553872693058,
  "overall_ndcg_delta_ci_low": 0.0,
  "relation_accuracy": 0.9881738173817382,
  "relation_eligibility_brier": 0.0020193179193251313,
  "relation_eligibility_ece": 0.0006941228568441236,
  "relation_log_loss": 0.04235463495956349,
  "relation_rows": 3636.0,
  "semantic_ndcg_at_10": 0.8163282112172529,
  "unjudged_exposure_base": 0.0,
  "unjudged_exposure_final": 0.0,
  "warm_ndcg_at_10_base": 0.6737971035289413,
  "warm_ndcg_at_10_final": 0.67239431027541,
  "warm_ndcg_delta_ci_high": 0.0,
  "warm_ndcg_delta_ci_low": -0.0040536594284877004
}
