{
  "base_ndcg_at_10": 0.866460693443052,
  "behavior_brier": 0.1443888847331704,
  "behavior_ece": 0.016201912786033983,
  "behavior_log_loss": 0.4425852674520481,
  "behavior_roc_auc": 0.7673954770574807,
  "behavior_uncalibrated_brier": 0.21766534162859438,
  "behavior_uncalibrated_ece": 0.25055046208099213,
  "behavior_uncalibrated_log_loss": 0.619036846898915,
  "behavior_uncalibrated_roc_auc": 0.7673954770574807,
  "block_rate": 0.28878116343490307,
  "boost_rate": 0.002077562326869806,
  "cold_ndcg_at_10_base": 0.4177473026262701,
  "cold_ndcg_at_10_final": 0.4214228912554763,
  "cold_ndcg_lift_ci_high": 0.008842001194166197,
  "cold_ndcg_lift_ci_low": 0.0,
  "cold_relevant_exposure_base": 0.36874999999999997,
  "cold_relevant_exposure_final": 0.375,
  "complement_exposure_base": 0.04583333333333334,
  "complement_exposure_final": 0.04583333333333334,
  "fallback_rate": 0.0,
  "final_ndcg_at_10": 0.866460693443052,
  "future_behavior_brier": 0.13117290244796856,
  "future_behavior_ece": 0.03359172391388871,
  "future_behavior_log_loss": 0.4067063070744843,
  "future_behavior_roc_auc": 0.774782977670126,
  "future_logged_base_ndcg_at_10": 0.951201519172353,
  "future_logged_final_ndcg_at_10": 0.951201519172353,
  "irrelevant_exposure_base": 0.11666666666666665,
  "irrelevant_exposure_delta_ci_high": 0.0,
  "irrelevant_exposure_delta_ci_low": 0.0,
  "irrelevant_exposure_final": 0.11666666666666665,
  "judgment_coverage_base": 1.0,
  "judgment_coverage_final": 1.0,
  "overall_ndcg_delta_ci_high": 0.0,
  "overall_ndcg_delta_ci_low": 0.0,
  "relation_accuracy": 0.9601449275362319,
  "relation_eligibility_brier": 0.0042499356156769485,
  "relation_eligibility_ece": 0.004326164943284953,
  "relation_log_loss": 0.08066260120672321,
  "relation_rows": 3588.0,
  "semantic_ndcg_at_10": 0.7698146049550393,
  "unjudged_exposure_base": 0.0,
  "unjudged_exposure_final": 0.0,
  "warm_ndcg_at_10_base": 0.6183283510291345,
  "warm_ndcg_at_10_final": 0.6149534730331565,
  "warm_ndcg_delta_ci_high": 0.0,
  "warm_ndcg_delta_ci_low": -0.007706818553729632
}
