{
  "base_ndcg_at_10": 0.8983804644523713,
  "behavior_brier": 0.13884924105928662,
  "behavior_ece": 0.02749151622115018,
  "behavior_log_loss": 0.4329220361545473,
  "behavior_roc_auc": 0.7642784324919463,
  "behavior_uncalibrated_brier": 0.20996098835274796,
  "behavior_uncalibrated_ece": 0.24745411253819724,
  "behavior_uncalibrated_log_loss": 0.6024377086418684,
  "behavior_uncalibrated_roc_auc": 0.7642784324919463,
  "block_rate": 0.3312564901349948,
  "boost_rate": 0.0013845621322256837,
  "cold_ndcg_at_10_base": 0.5214863086421794,
  "cold_ndcg_at_10_final": 0.5214863086421794,
  "cold_ndcg_lift_ci_high": 0.0,
  "cold_ndcg_lift_ci_low": 0.0,
  "cold_relevant_exposure_base": 0.3875,
  "cold_relevant_exposure_final": 0.3875,
  "complement_exposure_base": 0.07708333333333334,
  "complement_exposure_final": 0.07708333333333334,
  "fallback_rate": 0.0,
  "final_ndcg_at_10": 0.8983804644523713,
  "future_behavior_brier": 0.1387770622417228,
  "future_behavior_ece": 0.02040310630423457,
  "future_behavior_log_loss": 0.43097496358787213,
  "future_behavior_roc_auc": 0.7442345613188786,
  "future_logged_base_ndcg_at_10": 0.9540767685277625,
  "future_logged_final_ndcg_at_10": 0.9540767685277625,
  "irrelevant_exposure_base": 0.09791666666666667,
  "irrelevant_exposure_delta_ci_high": 0.0,
  "irrelevant_exposure_delta_ci_low": 0.0,
  "irrelevant_exposure_final": 0.09791666666666667,
  "judgment_coverage_base": 1.0,
  "judgment_coverage_final": 1.0,
  "overall_ndcg_delta_ci_high": 0.0,
  "overall_ndcg_delta_ci_low": 0.0,
  "relation_accuracy": 0.988327904451683,
  "relation_eligibility_brier": 3.4723800414128688e-06,
  "relation_eligibility_ece": 0.0002526400438920538,
  "relation_log_loss": 0.024476958438382802,
  "relation_rows": 3684.0,
  "semantic_ndcg_at_10": 0.8410125446098298,
  "unjudged_exposure_base": 0.0,
  "unjudged_exposure_final": 0.0,
  "warm_ndcg_at_10_base": 0.6285613095438003,
  "warm_ndcg_at_10_final": 0.6285613095438003,
  "warm_ndcg_delta_ci_high": 0.0,
  "warm_ndcg_delta_ci_low": 0.0
}
