{
  "base_ndcg_at_10": 0.8799503524845896,
  "behavior_brier": 0.14553657850600515,
  "behavior_ece": 0.035451314852327456,
  "behavior_log_loss": 0.4509214070706227,
  "behavior_roc_auc": 0.7580416719123757,
  "behavior_uncalibrated_brier": 0.21686906912103587,
  "behavior_uncalibrated_ece": 0.25179524041233914,
  "behavior_uncalibrated_log_loss": 0.6233218892613556,
  "behavior_uncalibrated_roc_auc": 0.7580416719123757,
  "block_rate": 0.3337979094076655,
  "boost_rate": 0.0017421602787456446,
  "cold_ndcg_at_10_base": 0.4361445667100146,
  "cold_ndcg_at_10_final": 0.4457015507528465,
  "cold_ndcg_lift_ci_high": 0.0185245278568885,
  "cold_ndcg_lift_ci_low": 0.002058549653173973,
  "cold_relevant_exposure_base": 0.3458333333333334,
  "cold_relevant_exposure_final": 0.35625,
  "complement_exposure_base": 0.05625,
  "complement_exposure_final": 0.05625,
  "fallback_rate": 0.0,
  "final_ndcg_at_10": 0.8810662267142239,
  "future_behavior_brier": 0.13984826199546724,
  "future_behavior_ece": 0.01873865860408329,
  "future_behavior_log_loss": 0.42700011538999905,
  "future_behavior_roc_auc": 0.7947005069884272,
  "future_logged_base_ndcg_at_10": 0.9381283407113039,
  "future_logged_final_ndcg_at_10": 0.9381283407113039,
  "irrelevant_exposure_base": 0.07708333333333334,
  "irrelevant_exposure_delta_ci_high": 0.0,
  "irrelevant_exposure_delta_ci_low": -0.006249999999999999,
  "irrelevant_exposure_final": 0.075,
  "judgment_coverage_base": 1.0,
  "judgment_coverage_final": 1.0,
  "overall_ndcg_delta_ci_high": 0.004212425216869019,
  "overall_ndcg_delta_ci_low": 0.0,
  "relation_accuracy": 0.982583065380493,
  "relation_eligibility_brier": 0.002193460966920759,
  "relation_eligibility_ece": 0.0021870061981300354,
  "relation_log_loss": 0.04078008379252503,
  "relation_rows": 3732.0,
  "semantic_ndcg_at_10": 0.8468861425044013,
  "unjudged_exposure_base": 0.0,
  "unjudged_exposure_final": 0.0,
  "warm_ndcg_at_10_base": 0.6863834075322677,
  "warm_ndcg_at_10_final": 0.6816933780722327,
  "warm_ndcg_delta_ci_high": -0.001098238012038855,
  "warm_ndcg_delta_ci_low": -0.008656047099048334
}
