{
  "base_ndcg_at_10": 0.8977788879635483,
  "behavior_brier": 0.13192281579205292,
  "behavior_ece": 0.021105325466882784,
  "behavior_log_loss": 0.4143829719407941,
  "behavior_roc_auc": 0.7609959199465374,
  "behavior_uncalibrated_brier": 0.20929287947837708,
  "behavior_uncalibrated_ece": 0.2577510675536172,
  "behavior_uncalibrated_log_loss": 0.6041713961698153,
  "behavior_uncalibrated_roc_auc": 0.7609959199465374,
  "block_rate": 0.2736625514403292,
  "boost_rate": 0.0006858710562414266,
  "cold_ndcg_at_10_base": 0.45684612147014914,
  "cold_ndcg_at_10_final": 0.4583746516150308,
  "cold_ndcg_lift_ci_high": 0.006114120579526862,
  "cold_ndcg_lift_ci_low": 0.0,
  "cold_relevant_exposure_base": 0.3458333333333334,
  "cold_relevant_exposure_final": 0.34791666666666665,
  "complement_exposure_base": 0.09583333333333333,
  "complement_exposure_final": 0.09583333333333333,
  "fallback_rate": 0.0,
  "final_ndcg_at_10": 0.8977788879635483,
  "future_behavior_brier": 0.13084702533420492,
  "future_behavior_ece": 0.017756504770312466,
  "future_behavior_log_loss": 0.40316145526243974,
  "future_behavior_roc_auc": 0.8018545981563557,
  "future_logged_base_ndcg_at_10": 0.9488691491359532,
  "future_logged_final_ndcg_at_10": 0.9488691491359532,
  "irrelevant_exposure_base": 0.06874999999999999,
  "irrelevant_exposure_delta_ci_high": 0.0,
  "irrelevant_exposure_delta_ci_low": 0.0,
  "irrelevant_exposure_final": 0.06874999999999999,
  "judgment_coverage_base": 1.0,
  "judgment_coverage_final": 1.0,
  "overall_ndcg_delta_ci_high": 0.0,
  "overall_ndcg_delta_ci_low": 0.0,
  "relation_accuracy": 0.9869878183831672,
  "relation_eligibility_brier": 5.927291255113779e-06,
  "relation_eligibility_ece": 0.000263084408731212,
  "relation_log_loss": 0.034669250887706116,
  "relation_rows": 3612.0,
  "semantic_ndcg_at_10": 0.8138907607089507,
  "unjudged_exposure_base": 0.0,
  "unjudged_exposure_final": 0.0,
  "warm_ndcg_at_10_base": 0.6784503633862785,
  "warm_ndcg_at_10_final": 0.6773521253742398,
  "warm_ndcg_delta_ci_high": 0.0,
  "warm_ndcg_delta_ci_low": -0.0032947140361165653
}
