{
  "base_ndcg_at_10": 0.8467339164566439,
  "behavior_brier": 0.14641112473750817,
  "behavior_ece": 0.016448985488647715,
  "behavior_log_loss": 0.44968500449541476,
  "behavior_roc_auc": 0.7390489716986431,
  "behavior_uncalibrated_brier": 0.23686952248879858,
  "behavior_uncalibrated_ece": 0.28260684937436087,
  "behavior_uncalibrated_log_loss": 0.6662373553149047,
  "behavior_uncalibrated_roc_auc": 0.7390489716986431,
  "block_rate": 0.28655578655578656,
  "boost_rate": 0.002079002079002079,
  "cold_ndcg_at_10_base": 0.3384262172460682,
  "cold_ndcg_at_10_final": 0.33975165033354643,
  "cold_ndcg_lift_ci_high": 0.003976299262434481,
  "cold_ndcg_lift_ci_low": 0.0,
  "cold_relevant_exposure_base": 0.32499999999999996,
  "cold_relevant_exposure_final": 0.32708333333333334,
  "complement_exposure_base": 0.05000000000000001,
  "complement_exposure_final": 0.05000000000000001,
  "fallback_rate": 0.0,
  "final_ndcg_at_10": 0.8467339164566439,
  "future_behavior_brier": 0.1413961011973707,
  "future_behavior_ece": 0.03493124429545417,
  "future_behavior_log_loss": 0.43352439933536624,
  "future_behavior_roc_auc": 0.7546303267580184,
  "future_logged_base_ndcg_at_10": 0.9295144823747284,
  "future_logged_final_ndcg_at_10": 0.9295144823747284,
  "irrelevant_exposure_base": 0.09583333333333333,
  "irrelevant_exposure_delta_ci_high": 0.0,
  "irrelevant_exposure_delta_ci_low": 0.0,
  "irrelevant_exposure_final": 0.09583333333333333,
  "judgment_coverage_base": 1.0,
  "judgment_coverage_final": 1.0,
  "overall_ndcg_delta_ci_high": 0.0,
  "overall_ndcg_delta_ci_low": 0.0,
  "relation_accuracy": 0.9735099337748344,
  "relation_eligibility_brier": 0.0065441921396435145,
  "relation_eligibility_ece": 0.005807938382560474,
  "relation_log_loss": 0.0950848199720828,
  "relation_rows": 3624.0,
  "semantic_ndcg_at_10": 0.7715380499495614,
  "unjudged_exposure_base": 0.0,
  "unjudged_exposure_final": 0.0,
  "warm_ndcg_at_10_base": 0.6514290333174665,
  "warm_ndcg_at_10_final": 0.6504043108632165,
  "warm_ndcg_delta_ci_high": 0.0,
  "warm_ndcg_delta_ci_low": -0.003074167362749798
}
